"Reference","Value","Datasheet","Footprint","Qty","DNP"
"C1,C2,C3,C4,C10,C13","10uF","~","Capacitor_SMD:C_1206_3216Metric_Pad1.33x1.80mm_HandSolder","6",""
"C5,C6,C7,C8,C9,C14,C15,C16,C17,C18,C21,C22,C23,C24,C26,C27,C29,C30","100nF","~","Capacitor_SMD:C_0201_0603Metric_Pad0.64x0.40mm_HandSolder","18",""
"C11,C12,C19,C20","15pF","~","Capacitor_SMD:C_0402_1005Metric_Pad0.74x0.62mm_HandSolder","4",""
"C25,C28","2.2uF","~","Capacitor_SMD:C_0603_1608Metric_Pad1.08x0.95mm_HandSolder","2",""
"D2,D3","SMF5.0A","https://wmsc.lcsc.com/wmsc/upload/file/pdf/v2/lcsc/2312041000_hongjiacheng-SMF5-0A_C19077497.pdf","PCM_JLCPCB:D_SOD-123FL","2",""
"D6,D7,D8,D9,D10,D11,D12,D13,D14,D15,D16,D17,D18,D19,D20,D21,D22,D23,D24,D25,D26,D27,D28,D29,D30,D31,D32,D33,D34,D35,D36,D37,D38,D39,D40,D41,D42,D43,D44,D45,D46,D47,D48,D49,D50,D51,D52,D53,D54,D55,D56,D57,D58,D59,D60,D61,D62,D63,D64,D65,D66,D67,D68,D69,SW1,SW2,SW3,SW4,SW5,SW6,SW7,SW8,SW9,SW10,SW11,SW12,SW13,SW14,SW15,SW16,SW17,SW18,SW19,SW20,SW21,SW22,SW23,SW24,SW25,SW26,SW27,SW28,SW29,SW30,SW31,SW32,SW33,SW34,SW35,SW36,SW37,SW38,SW39,SW40,SW41,SW42,SW43,SW44,SW45,SW46,SW47,SW48,SW49,SW50,SW51,SW52,SW53,SW54,SW55,SW56,SW57,SW58,SW59,SW60,SW61,SW62,SW63,SW64","~","~","Diode_SMD:D_SOD-123,PCM_Switch_Keyboard_Hotswap_Kailh:SW_Hotswap_Kailh_Choc_V1_Plated_1.00u,PCM_Switch_Keyboard_Hotswap_Kailh:SW_Hotswap_Kailh_Choc_V1_Plated_1.50u","128",""
"J1,J2","Conn_ST_STDC14","https://www.st.com/content/ccc/resource/technical/document/user_manual/group1/99/49/91/b6/b2/3a/46/e5/DM00526767/files/DM00526767.pdf/jcr:content/translations/en.DM00526767.pdf","Connector_PinHeader_1.27mm:PinHeader_2x07_P1.27mm_Horizontal","2",""
"LED1,LED2,LED3,LED4,LED5,LED6,LED7,LED8,LED9,LED10,LED11,LED12,LED13,LED14,LED15,LED16,LED17,LED18,LED19,LED20,LED21,LED22,LED23,LED24,LED25,LED26,LED27,LED28,LED29,LED30,LED31,LED32,LED33,LED34,LED35,LED36,LED37,LED38,LED39,LED40,LED41,LED42,LED43,LED44,LED45,LED46,LED47,LED48,LED49,LED50,LED51,LED52,LED53,LED54,LED55,LED56,LED57,LED58,LED59,LED60,LED61,LED62,LED63,LED64","4960","4960","Custom Lib:4960_ADA","64",""
"P1,P2","USB_C_Plug_USB2.0","https://www.usb.org/sites/default/files/documents/usb_type-c.zip","Custom Lib:USB_C_Receptacle_GCT_USB4110","2",""
"P3","Master Connection Plug","https://www.usb.org/sites/default/files/documents/usb_type-c.zip","Custom Lib:USB_C_Receptacle_GCT_USB4110","1",""
"P4","Slave Connection Plug","https://www.usb.org/sites/default/files/documents/usb_type-c.zip","Custom Lib:USB_C_Receptacle_GCT_USB4110","1",""
"R1,R2","5.1kÎ©","~","Resistor_SMD:R_01005_0402Metric_Pad0.57x0.30mm_HandSolder","2",""
"R3,R4,R6","10k","~","Resistor_SMD:R_0402_1005Metric_Pad0.72x0.64mm_HandSolder","3",""
"R5","330","~","Resistor_SMD:R_2512_6332Metric_Pad1.40x3.35mm_HandSolder","1",""
"SW65,SW66","SW_SPDT","~","Custom Lib:SLW-66527511-SMT-TR_CUD","2",""
"SW67,SW68","SW_Push","~","Custom Lib:SW_TL3330_EWI","2",""
"U1,U2","LT1963AxST-3.3","https://www.analog.com/media/en/technical-documentation/data-sheets/1963aff.pdf","Package_TO_SOT_SMD:SOT-223-3_TabPin2","2",""
"U3,U4","STM32F446RCTx","https://www.st.com/resource/en/datasheet/stm32f446rc.pdf","Package_QFP:LQFP-64_10x10mm_P0.5mm","2",""
"U5,U6","USBLC6-2SC6","https://www.st.com/resource/en/datasheet/usblc6-2.pdf","Package_TO_SOT_SMD:SOT-23-6","2",""
"U7,U8","358","","LCD:MODULE_358","2",""
"U9","TPS2115ADRBR","https://www.ti.com/lit/gpn/tps2115a","Custom Lib:DRB8_2P4X1P65","1",""
"Y1,Y2","8MHz","~","Crystal:Crystal_SMD_Abracon_ABM3B-4Pin_5.0x3.2mm","2",""
